id,first_name,last_name,email,gender,ip_address
1,Amye,Bouzan,abouzan0@instagram.com,Female,44.134.186.171
2,Lorne,Duns,lduns1@mashable.com,Female,14.29.107.159
3,Daniele,Arlt,darlt2@linkedin.com,Female,33.180.9.252
4,Eliot,Vicarey,evicarey3@paginegialle.it,Male,28.80.236.52
5,Cameron,Francey,cfrancey4@ucoz.com,Male,46.5.18.40
6,Theodoric,Spavon,tspavon5@unesco.org,Male,178.138.91.106
7,Jacinthe,Langthorne,jlangthorne6@yellowpages.com,Female,80.228.32.0
8,Fran,Rallin,frallin7@xing.com,Male,23.160.207.136
9,Giulio,Denacamp,gdenacamp8@over-blog.com,Male,154.61.56.254
10,Elmer,Albasini,ealbasini9@weebly.com,Male,249.63.248.28
